{"initial_reset_timestamp": 1500502932.129788, "timestamps": [1500502940.054773, 1500502946.9564958, 1500502950.382043, 1500502953.72457, 1500502957.0668192, 1500502960.427594, 1500502963.7677498, 1500502967.111941, 1500502973.8960829, 1500502977.322487, 1500502980.681911, 1500502984.125473, 1500502987.566865, 1500502991.009117, 1500502994.4527638, 1500502997.89586, 1500503001.338275, 1500503004.780054, 1500503008.222522, 1500503011.648981, 1500503015.073729, 1500503018.51912, 1500503021.95966, 1500503025.40321, 1500503028.845385, 1500503032.288667, 1500503035.9659572, 1500503043.254213, 1500503046.8604312, 1500503050.303872, 1500503053.678968, 1500503057.0214999, 1500503060.380246, 1500503063.722764, 1500503067.082268, 1500503070.42362, 1500503073.767126, 1500503077.1098938, 1500503080.452301, 1500503083.793631, 1500503087.136215, 1500503090.480908, 1500503093.824899, 1500503097.164581, 1500503100.5066261, 1500503103.848326, 1500503107.195083, 1500503110.535307, 1500503113.909881, 1500503117.256947, 1500503120.594462, 1500503123.9530492, 1500503127.296088, 1500503130.673135, 1500503134.0301728, 1500503137.406314, 1500503140.7484071, 1500503144.091587, 1500503147.454557, 1500503150.7933152, 1500503154.151964, 1500503157.506459, 1500503160.8534021, 1500503164.195339, 1500503171.06445, 1500503174.526803, 1500503177.8656158, 1500503181.207772, 1500503184.550716, 1500503187.8940248, 1500503191.2352262, 1500503194.577708, 1500503197.937761, 1500503201.2792509, 1500503204.6223931, 1500503207.980588, 1500503211.32615, 1500503214.665642, 1500503218.008553, 1500503221.350592, 1500503224.6927512, 1500503228.035172, 1500503231.377633, 1500503234.7208781, 1500503238.066456, 1500503241.4219022, 1500503244.7638369, 1500503248.125685, 1500503251.465276, 1500503254.807512, 1500503258.1664388, 1500503261.5091789, 1500503264.870368, 1500503268.210785, 1500503271.553335, 1500503274.894861, 1500503278.237623, 1500503281.5850072, 1500503284.939297, 1500503288.285095, 1500503291.6748512, 1500503295.1174028, 1500503298.560512, 1500503302.002301, 1500503305.4455879, 1500503308.887607, 1500503312.331617, 1500503315.772778, 1500503319.2157829, 1500503322.65903, 1500503326.001299, 1500503329.34339, 1500503332.686217, 1500503336.027622, 1500503339.370792, 1500503342.733002, 1500503346.08929, 1500503349.430676, 1500503352.773557, 1500503356.1154351, 1500503359.458598, 1500503362.80029, 1500503366.141881, 1500503369.484711, 1500503372.8272982, 1500503379.63119, 1500503383.055072, 1500503386.3975658, 1500503389.739836, 1500503393.08203, 1500503396.425094, 1500503399.767158, 1500503403.109482, 1500503406.469989, 1500503409.8110132, 1500503413.153323, 1500503416.495728, 1500503419.838061, 1500503423.180489, 1500503426.522891, 1500503429.8818119, 1500503433.475106, 1500503437.098419, 1500503440.527609, 1500503443.977776, 1500503447.413897, 1500503450.856158, 1500503454.298502, 1500503457.740969, 1500503461.18369, 1500503464.526298, 1500503467.920156, 1500503471.295104, 1500503474.638913, 1500503477.980279, 1500503481.3222568, 1500503484.667609, 1500503488.0245628, 1500503491.367845, 1500503494.708006, 1500503498.050984, 1500503501.392638, 1500503504.7345269, 1500503508.0782871, 1500503511.419897, 1500503514.7639658, 1500503518.106307, 1500503521.530751, 1500503524.97346, 1500503528.4335098, 1500503531.87521, 1500503535.31846, 1500503538.760742, 1500503542.224243, 1500503545.681298, 1500503549.123678, 1500503552.600415, 1500503556.041131, 1500503559.418165, 1500503562.760175, 1500503566.126911, 1500503569.5963688, 1500503572.938159, 1500503576.280776, 1500503579.623803, 1500503582.965463, 1500503586.309074, 1500503589.648992, 1500503593.0623648, 1500503596.4014049, 1500503599.76136, 1500503603.103194, 1500503606.445079, 1500503609.7868469, 1500503613.16337, 1500503616.5224278, 1500503619.923028, 1500503623.2981188, 1500503626.65098, 1500503630.0425038], "episode_lengths": [200, 200, 200, 200, 200, 200, 200, 200, 200, 200, 200, 200, 200, 200, 200, 200, 200, 200, 200, 200, 200, 200, 200, 200, 200, 200, 200, 200, 200, 200, 200, 200, 200, 200, 200, 200, 200, 200, 200, 200, 200, 200, 200, 200, 200, 200, 200, 200, 200, 200, 200, 200, 200, 200, 200, 200, 200, 200, 200, 200, 200, 200, 200, 200, 200, 200, 200, 200, 200, 200, 200, 200, 200, 200, 200, 200, 200, 200, 200, 200, 200, 200, 200, 200, 200, 200, 200, 200, 200, 200, 200, 200, 200, 200, 200, 200, 200, 200, 200, 200, 200, 200, 200, 200, 200, 200, 200, 200, 200, 200, 200, 200, 200, 200, 200, 200, 200, 200, 200, 200, 200, 200, 200, 200, 200, 200, 200, 200, 200, 200, 200, 200, 200, 200, 200, 200, 200, 200, 200, 200, 200, 200, 200, 200, 200, 200, 200, 200, 200, 200, 200, 200, 200, 200, 200, 200, 200, 200, 200, 200, 200, 200, 200, 200, 200, 200, 200, 200, 200, 200, 200, 200, 200, 200, 200, 200, 200, 200, 200, 200, 200, 200, 200, 200, 200, 200, 200, 200, 200, 200, 200, 200, 200, 200, 200, 200, 200, 200, 200, 200], "episode_rewards": [200.0, 200.0, 200.0, 200.0, 200.0, 200.0, 200.0, 200.0, 200.0, 200.0, 200.0, 200.0, 200.0, 200.0, 200.0, 200.0, 200.0, 200.0, 200.0, 200.0, 200.0, 200.0, 200.0, 200.0, 200.0, 200.0, 200.0, 200.0, 200.0, 200.0, 200.0, 200.0, 200.0, 200.0, 200.0, 200.0, 200.0, 200.0, 200.0, 200.0, 200.0, 200.0, 200.0, 200.0, 200.0, 200.0, 200.0, 200.0, 200.0, 200.0, 200.0, 200.0, 200.0, 200.0, 200.0, 200.0, 200.0, 200.0, 200.0, 200.0, 200.0, 200.0, 200.0, 200.0, 200.0, 200.0, 200.0, 200.0, 200.0, 200.0, 200.0, 200.0, 200.0, 200.0, 200.0, 200.0, 200.0, 200.0, 200.0, 200.0, 200.0, 200.0, 200.0, 200.0, 200.0, 200.0, 200.0, 200.0, 200.0, 200.0, 200.0, 200.0, 200.0, 200.0, 200.0, 200.0, 200.0, 200.0, 200.0, 200.0, 200.0, 200.0, 200.0, 200.0, 200.0, 200.0, 200.0, 200.0, 200.0, 200.0, 200.0, 200.0, 200.0, 200.0, 200.0, 200.0, 200.0, 200.0, 200.0, 200.0, 200.0, 200.0, 200.0, 200.0, 200.0, 200.0, 200.0, 200.0, 200.0, 200.0, 200.0, 200.0, 200.0, 200.0, 200.0, 200.0, 200.0, 200.0, 200.0, 200.0, 200.0, 200.0, 200.0, 200.0, 200.0, 200.0, 200.0, 200.0, 200.0, 200.0, 200.0, 200.0, 200.0, 200.0, 200.0, 200.0, 200.0, 200.0, 200.0, 200.0, 200.0, 200.0, 200.0, 200.0, 200.0, 200.0, 200.0, 200.0, 200.0, 200.0, 200.0, 200.0, 200.0, 200.0, 200.0, 200.0, 200.0, 200.0, 200.0, 200.0, 200.0, 200.0, 200.0, 200.0, 200.0, 200.0, 200.0, 200.0, 200.0, 200.0, 200.0, 200.0, 200.0, 200.0, 200.0, 200.0, 200.0, 200.0, 200.0, 200.0], "episode_types": ["t", "t", "t", "t", "t", "t", "t", "t", "t", "t", "t", "t", "t", "t", "t", "t", "t", "t", "t", "t", "t", "t", "t", "t", "t", "t", "t", "t", "t", "t", "t", "t", "t", "t", "t", "t", "t", "t", "t", "t", "t", "t", "t", "t", "t", "t", "t", "t", "t", "t", "t", "t", "t", "t", "t", "t", "t", "t", "t", "t", "t", "t", "t", "t", "t", "t", "t", "t", "t", "t", "t", "t", "t", "t", "t", "t", "t", "t", "t", "t", "t", "t", "t", "t", "t", "t", "t", "t", "t", "t", "t", "t", "t", "t", "t", "t", "t", "t", "t", "t", "t", "t", "t", "t", "t", "t", "t", "t", "t", "t", "t", "t", "t", "t", "t", "t", "t", "t", "t", "t", "t", "t", "t", "t", "t", "t", "t", "t", "t", "t", "t", "t", "t", "t", "t", "t", "t", "t", "t", "t", "t", "t", "t", "t", "t", "t", "t", "t", "t", "t", "t", "t", "t", "t", "t", "t", "t", "t", "t", "t", "t", "t", "t", "t", "t", "t", "t", "t", "t", "t", "t", "t", "t", "t", "t", "t", "t", "t", "t", "t", "t", "t", "t", "t", "t", "t", "t", "t", "t", "t", "t", "t", "t", "t", "t", "t", "t", "t", "t", "t"]}