{"initial_reset_timestamp": 1500602171.9131038, "timestamps": [1500602192.82197, 1500602208.53035, 1500602220.317612, 1500602232.4182742, 1500602247.408161, 1500602263.06141, 1500602278.177771, 1500602299.0243452, 1500602320.2248802, 1500602337.1841228, 1500602358.326981, 1500602377.384244, 1500602393.788834, 1500602413.351851, 1500602432.7960079, 1500602449.554452, 1500602471.1698072, 1500602497.564948, 1500602517.332886, 1500602539.262035, 1500602569.960866, 1500602592.687653, 1500602613.419869, 1500602633.502524, 1500602653.979907, 1500602673.679424, 1500602694.9920719, 1500602728.866784, 1500602745.657355, 1500602765.998218, 1500602795.295437, 1500602816.924072, 1500602837.283901, 1500602861.2534962, 1500602893.1986408, 1500602921.612431, 1500602942.921366, 1500602975.865867, 1500603001.724461, 1500603033.951872, 1500603065.3702111, 1500603089.275527, 1500603117.0359292, 1500603147.529815, 1500603172.767699, 1500603198.353368, 1500603220.389028, 1500603242.412422, 1500603265.898722, 1500603289.0852532, 1500603310.155445, 1500603329.1305459, 1500603353.76937, 1500603379.243819, 1500603400.504061, 1500603426.294229, 1500603448.1613529, 1500603476.1995242, 1500603500.5507798, 1500603525.945838, 1500603561.239857, 1500603584.201802, 1500603607.432493, 1500603633.503428, 1500603663.15918, 1500603693.24659, 1500603721.290299, 1500603748.130707, 1500603774.1765351, 1500603804.956293, 1500603832.576958, 1500603860.011446, 1500603894.14543, 1500603927.917789, 1500603956.807793, 1500603979.671746, 1500603992.097089, 1500604010.4166038, 1500604021.206414, 1500604040.396618, 1500604061.68113, 1500604086.703371, 1500604109.370734, 1500604136.558055, 1500604164.94299, 1500604188.8632672, 1500604220.499933, 1500604246.028759, 1500604274.691849, 1500604300.593452, 1500604327.9810078], "episode_lengths": [1646, 1330, 1325, 1291, 1575, 1622, 1729, 2116, 2021, 1951, 2290, 2168, 1772, 1883, 2122, 1886, 2417, 2809, 2122, 2192, 2541, 2293, 2246, 2268, 2323, 2164, 2465, 2696, 1821, 2226, 2985, 2024, 2398, 2573, 3547, 3122, 2403, 3491, 2981, 3613, 2899, 2416, 2769, 3010, 2925, 2697, 2499, 2494, 2599, 2640, 2412, 2071, 2699, 2902, 2445, 2962, 2412, 2909, 2569, 2610, 3786, 2256, 2399, 2616, 2623, 2953, 2536, 2605, 2668, 2757, 2624, 2796, 3284, 3325, 2760, 2127, 1360, 2133, 1173, 2175, 2400, 2815, 2403, 2958, 3001, 2481, 3306, 2822, 3054, 2821, 2784], "episode_rewards": [-20.0, -19.0, -20.0, -20.0, -20.0, -18.0, -21.0, -21.0, -18.0, -19.0, -19.0, -18.0, -19.0, -18.0, -19.0, -21.0, -17.0, -15.0, -17.0, -17.0, -16.0, -18.0, -20.0, -17.0, -18.0, -19.0, -18.0, -17.0, -18.0, -16.0, -14.0, -19.0, -16.0, -18.0, -13.0, -12.0, -15.0, -9.0, -12.0, -8.0, -15.0, -16.0, -12.0, -14.0, -14.0, -15.0, -15.0, -19.0, -16.0, -12.0, -13.0, -16.0, -15.0, -13.0, -15.0, -15.0, -14.0, -18.0, -15.0, -13.0, -8.0, -17.0, -16.0, -14.0, -14.0, -14.0, -16.0, -16.0, -15.0, -16.0, -15.0, -14.0, -10.0, -10.0, -16.0, -18.0, -21.0, -16.0, -20.0, -15.0, -14.0, -12.0, -16.0, -16.0, -12.0, -15.0, -10.0, -13.0, -13.0, -15.0, -13.0], "episode_types": ["t", "t", "t", "t", "t", "t", "t", "t", "t", "t", "t", "t", "t", "t", "t", "t", "t", "t", "t", "t", "t", "t", "t", "t", "t", "t", "t", "t", "t", "t", "t", "t", "t", "t", "t", "t", "t", "t", "t", "t", "t", "t", "t", "t", "t", "t", "t", "t", "t", "t", "t", "t", "t", "t", "t", "t", "t", "t", "t", "t", "t", "t", "t", "t", "t", "t", "t", "t", "t", "t", "t", "t", "t", "t", "t", "t", "t", "t", "t", "t", "t", "t", "t", "t", "t", "t", "t", "t", "t", "t", "t"]}